eta,mean_within_share,mean_degree,beta_mf_true,n_reps
0.0,0.25210413036479373,12.0973,0.48389200000000004,20
0.5,0.3920067114221824,12.6381,0.505524,20
1.0,0.5508058689920715,14.5964,0.5838559999999999,20
1.5,0.7000410610925527,18.5524,0.742096,20
2.0,0.8150956745998789,25.479,1.01916,20
2.5,0.8909797230835153,36.370900000000006,1.4548360000000002,20
3.0,0.935818621054677,52.551700000000004,2.102068,20
