beta_mf_true,beta_map,beta_mean,bias_map
0.5355000000000001,0.4376049883263861,0.43672428252854256,-0.09789501167361397
